size,avg_us,p50_us,p99_us,bw_gbps
1024,321.0414529312402,313.80902510136366,488.6779934167862,0.006379238510481808
4096,348.55153784155846,339.17196560651064,511.0709462314844,0.023502980508219272
16384,381.16832822561264,374.3050619959831,549.4569195434451,0.08596726845732235
65536,577.4983225855976,552.2669525817037,1670.3959554433823,0.22696516141061573
262144,1027.6467196251217,958.6790110915899,1614.8729482665658,0.510183110584206
1048576,1731.2549171037972,1366.1759439855814,2533.0260396003723,1.2113478952644994
4194304,3272.672554012388,2896.21006231755,6399.256060831249,2.563228633954024
16777216,8063.031900674105,6645.97493596375,13586.94804366678,4.161515471270144
67108864,73681.16008583456,72670.11108342558,99878.37704829872,1.8216017207606887
