size,avg_us,p50_us,p99_us,bw_gbps
1024,52.21534846350551,51.33496597409248,71.66399154812098,0.0392221839030988
4096,55.94716197811067,54.75303623825312,66.44800305366516,0.1464238704941838
16384,67.23385164514184,66.52099546045065,77.82597094774246,0.48737353577403947
65536,98.09479210525751,98.93800597637892,112.82600462436676,1.3361769487146407
262144,141.2927381400215,141.50398783385754,154.55996617674828,3.710650716390174
1048576,399.80457397177815,418.485957197845,435.4199627414346,5.245442740102408
4194304,1104.8975097946823,1083.2069674506783,1260.1850321516395,7.592204639468157
16777216,4280.842423904687,4272.751975804567,4447.276005521417,7.838277768092659
