size,avg_us,p50_us,p99_us,bw_gbps
1024,47.42243164218962,44.96204201132059,64.98501170426607,0.0431863135035443
4096,47.19345970079303,46.81095015257597,56.7419920116663,0.17358337472898483
16384,61.421299586072564,60.18695421516895,76.5960430726409,0.5334957127385535
65536,104.7618961893022,97.55394421517849,212.425016798079,1.251141920561996
262144,146.7189530989057,149.41394329071045,166.6800817474723,3.573416991645031
1048576,335.16897819936275,286.887981928885,454.22103721648455,6.256999115092888
4194304,1013.0235715769231,950.5819762125611,1305.587007664144,8.280762891767536
16777216,3411.6548229940236,3403.604030609131,3536.4209907129407,9.835236488125451
